Region,Town,x,y,MarkerType
Heartlands,18thSideroad,0.563574,0.079199,Minor
DeadLands,AbandonedWard,0.40659,0.497347,Major
AllodsBight,ACaptainsRepose,0.593273,0.835592,Minor
ShackledChasm,ACarelessNet,0.43235,0.870151,Minor
StemaLanding,AciesOverlook,0.540259,0.191097,Major
UmbralWildwood,AdzeCrossroads,0.357383,0.386527,Minor
Sableport,AeyrieBay,0.25766,0.58153,Minor
ViperPit,AfricsApproach,0.260432,0.674248,Minor
StemaLanding,AlchimioEstate,0.380999,0.821058,Major
AllodsBight,AllodsChildren,0.11191,0.414177,Minor
MorgensCrossing,Allsight,0.58312,0.148395,Major
UmbralWildwood,Amethyst,0.81785,0.388845,Major
TempestIsland,Anchor,0.296044,0.332678,Minor
ShackledChasm,ANewSpring,0.655313,0.26314,Minor
FarranacCoast,ApollosLanding,0.431493,0.579765,Minor
FishermansRow,Arcadia,0.389209,0.730954,Major
Godcrofts,Argosa,0.742941,0.443854,Major
Origin,Arise,0.44632,0.423053,Major
AshFields,Ashtown,0.514317,0.552515,Major
Terminus,Aspisa,0.461338,0.926056,Minor
Acrithia,AsterosSpear,0.629271,0.186652,Minor
UmbralWildwood,AtroposFate,0.573003,0.784334,Major
HowlCounty,AustriacaReservoir,0.503034,0.547838,Minor
ViperPit,AustriacaRiver,0.489259,0.853516,Minor
ShackledChasm,AutumnPyres,0.510382,0.326411,Minor
Kalokai,BaccaeRidge,0.450518,0.724912,Major
EndlessShore,BalorsCrown,0.672032,0.285197,Minor
Godcrofts,BarrellersWay,0.663369,0.469102,Minor
Oarbreaker,Barrenson,0.247671,0.220844,Minor
Sableport,Barronhome,0.604631,0.708866,Major
Heartlands,Barronshire,0.304043,0.529303,Minor
Heartlands,Barronswall,0.393722,0.409423,Major
Heartlands,BarronyRanch,0.373348,0.109838,Major
Heartlands,BarronyRoad,0.490231,0.201867,Minor
WeatheredExpanse,Barrowsfield,0.430673,0.465398,Minor
StemaLanding,BaseFerveret,0.643591,0.643509,Major
StemaLanding,BaseSagitta,0.824706,0.557183,Major
BasinSionnach,Basinhome,0.353483,0.785805,Major
BasinSionnach,BasinSionnach,0.371808,0.36804,Minor
LochMor,BastardsBlade,0.210803,0.808788,Minor
MorgensCrossing,BastardsBlock,0.607322,0.337821,Major
EndlessShore,BatteredLanding,0.305517,0.550113,Minor
Terminus,BayoftheWard,0.528937,0.352762,Minor
AllodsBight,BelayingTrace,0.246404,0.561514,Major
Clahstra,BewailingFort,0.186248,0.475339,Major
FishermansRow,BidentCrossroads,0.434503,0.61582,Minor
ReaversPass,BillhookReach,0.738634,0.284794,Minor
ReaversPass,BinnaclePitch,0.207949,0.778828,Minor
DeadLands,BitingTarn,0.821872,0.705377,Minor
NevishLine,BlackburnCanal,0.377094,0.82665,Minor
NevishLine,BlackcoatWay,0.348187,0.692818,Major
KingsCage,BlackguardsWood,0.686849,0.170174,Minor
ReaversPass,BlackjackJunction,0.442427,0.514542,Minor
LinnMercy,Blackroad,0.465167,0.164749,Minor
ViperPit,Blackthroat,0.382738,0.828344,Major
TempestIsland,Blackwatch,0.849815,0.407869,Major
FishermansRow,BlackWell,0.388496,0.306616,Major
Kalokai,Bleary,0.210604,0.5777,Minor
MarbanHollow,BleatingPlateau,0.270353,0.590818,Minor
NevishLine,BlindingStones,0.391207,0.207428,Major
ReaversPass,BlissfinBeach,0.828378,0.371672,Minor
KingsCage,Bloodcroft,0.493532,0.784494,Minor
Terminus,BloodyPalmFort,0.857413,0.523064,Major
AllodsBight,BlunderBight,0.691623,0.127541,Minor
DrownedVale,Bootnap,0.808421,0.55828,Major
DeadLands,BorderConcourse,0.815736,0.390166,Minor
TheMoors,Borderlane,0.643059,0.069356,Major
DeadLands,BorderThicket,0.575372,0.324471,Minor
EndlessShore,BrackishPoint,0.303,0.154775,Major
ClansheadValley,BrambleField,0.391816,0.538869,Minor
StlicanShelf,BreakerTown,0.353313,0.449166,Major
ReaversPass,Breakwater,0.730338,0.49483,Major
AllodsBight,BreathofCetus,0.696068,0.641131,Minor
StlicanShelf,Briar,0.328787,0.227301,Major
DeadLands,BrineGlen,0.725618,0.722024,Major
ReachingTrail,Brodytown,0.444128,0.322774,Major
StlicanShelf,BrokenZephyr,0.40674,0.871262,Minor
Oarbreaker,Bronze,0.668158,0.488805,Minor
MarbanHollow,BubbleBasin,0.383556,0.424927,Minor
Stonecradle,BucklerSound,0.510594,0.514668,Major
StemaLanding,BurnishBeach,0.657488,0.325498,Minor
FarranacCoast,CacklingStrand,0.370538,0.191829,Minor
Origin,Cado,0.251254,0.538169,Minor
Heartlands,Cageroad,0.083903,0.581694,Minor
DeadLands,CallahansBelt,0.658508,0.310601,Minor
DeadLands,CallahansBoot,0.547569,0.490777,Major
CallahansPassage,CallahansEye,0.308643,0.262243,Minor
DeadLands,CallahansGate,0.624833,0.110333,Major
MorgensCrossing,CallumsDescent,0.338396,0.784602,Major
CallumsCape,CallumsKeep,0.398626,0.235185,Major
SpeakingWoods,Calmland,0.830243,0.295542,Minor
StlicanShelf,Calving,0.833345,0.54851,Minor
ReachingTrail,CampEos,0.752074,0.703749,Minor
CallumsCape,CampHollow,0.751298,0.282986,Major
AshFields,CampOmega,0.709697,0.12712,Major
Acrithia,CampOmicron,0.714467,0.123508,Major
GreatMarch,CampSenti,0.374557,0.362185,Major
Kalokai,CampTau,0.687057,0.594143,Major
RedRiver,CampUpsilon,0.265646,0.270703,Major
Westgate,CandleHills,0.380948,0.876076,Minor
RedRiver,Cannonsmoke,0.442205,0.644736,Major
ReaversPass,CapeBalderstone,0.221601,0.313153,Minor
TheFingers,CaptainsDread,0.698551,0.246778,Major
ReachingTrail,Caragtais,0.450571,0.529406,Minor
DeadLands,CarpalTrail,0.291422,0.419198,Minor
FarranacCoast,CarrionFields,0.616623,0.457854,Minor
Oarbreaker,Castor,0.478963,0.099016,Minor
Oarbreaker,CatStep,0.674429,0.748893,Minor
Westgate,CattleMarch,0.432009,0.178799,Minor
TheFingers,Cavitatis,0.435232,0.611993,Minor
KingsCage,CelesThicket,0.397792,0.92764,Minor
DeadLands,CemetaryJunction,0.324332,0.579393,Minor
DeadLands,CemetaryLane,0.382476,0.658563,Minor
Westgate,CeoHighlands,0.674248,0.904763,Minor
Terminus,CerberusWake,0.262875,0.730385,Major
CallahansPassage,ChapelAccess,0.867008,0.523187,Minor
LochMor,ChatteringPrairie,0.645829,0.306503,Minor
MarbanHollow,CheckpointBua,0.637369,0.417994,Major
HowlCounty,CheckpointTitim,0.506001,0.412852,Minor
Sableport,Cinderwick,0.470708,0.288584,Major
TempestIsland,CirrisValve,0.713055,0.48504,Minor
Kalokai,ClarityMeadow,0.697671,0.777257,Minor
ReaversPass,ClayCoffer,0.668931,0.80417,Major
RedRiver,Climb,0.709697,0.14354,Major
UmbralWildwood,ClothosRefuge,0.613376,0.323984,Major
DrownedVale,CoaldrifterStead,0.662318,0.822847,Major
Westgate,Coasthill,0.749296,0.523273,Minor
Westgate,CobbersLane,0.818188,0.304837,Minor
AshFields,Cometa,0.278395,0.224475,Major
KingsCage,Concubine,0.406524,0.12856,Minor
DeadLands,CoracoidFootpath,0.107194,0.40022,Minor
FarranacCoast,CoraLushlands,0.545856,0.867111,Minor
FarranacCoast,CormacBeach,0.472738,0.78348,Minor
CallahansPassage,Cragsfield,0.569036,0.198985,Minor
CallahansPassage,Cragsroad,0.446065,0.353106,Minor
CallahansPassage,Cragstown,0.516691,0.139769,Major
Heartlands,CraterBasin,0.277874,0.204303,Minor
Sableport,CreepingDrought,0.552408,0.476494,Minor
MorgensCrossing,CrimsonThread,0.395414,0.23942,Minor
WeatheredExpanse,CrowsNest,0.27001,0.522445,Major
DeadLands,CrumblingPassage,0.417157,0.094844,Minor
CallahansPassage,CrumblingPost,0.353859,0.724882,Major
StlicanShelf,CrystalfleetInlet,0.449507,0.624036,Minor
BasinSionnach,CunningCross,0.693631,0.22195,Minor
SpeakingWoods,CursedCourt,0.491681,0.44266,Minor
BasinSionnach,CuttailStation,0.616551,0.320461,Major
Stonecradle,DaihbiPoint,0.301761,0.116188,Minor
GreatMarch,DaltonMeadow,0.099308,0.64004,Minor
FishermansRow,DankanaPost,0.289137,0.615475,Major
EndlessShore,DannanCoast,0.537924,0.100876,Minor
ViperPit,Deadsteps,0.54282,0.211018,Minor
EndlessShore,DeargsFang,0.59473,0.366441,Minor
MarbanHollow,DeepfleetValley,0.597132,0.658769,Minor
Heartlands,DeeplawPost,0.243156,0.434378,Major
GreatMarch,DendroField,0.77124,0.461526,Major
KingsCage,DenofKnaves,0.712924,0.320825,Major
Godcrofts,DenofThieves,0.2886,0.284991,Minor
StlicanShelf,DesiccatedFront,0.480457,0.46486,Minor
StemaLanding,DesolationBeach,0.592309,0.539223,Minor
StlicanShelf,DiarmaidsPlan,0.294835,0.055759,Minor
Terminus,Dogbone,0.209448,0.424464,Minor
Origin,Dormio,0.810775,0.59096,Major
UmbralWildwood,Dredgefield,0.784004,0.856312,Minor
Acrithia,DuellingKegs,0.323379,0.712205,Minor
ReachingTrail,DuffysFarm,0.271932,0.568079,Minor
ReachingTrail,DugansApproach,0.692271,0.153867,Minor
WeatheredExpanse,DullahansCrest,0.149207,0.616904,Minor
ReachingTrail,Dwyersfield,0.208729,0.267135,Minor
ReachingTrail,Dwyerstown,0.150619,0.363913,Major
WeatheredExpanse,Eapoe,0.440872,0.671814,Minor
ViperPit,EarlCrowley,0.816489,0.513878,Major
ViperPit,EarlsWelcome,0.145885,0.409777,Minor
KingsCage,Eastknife,0.693761,0.521926,Major
DrownedVale,Eastmarch,0.233548,0.52781,Major
Clahstra,EastNarthex,0.684707,0.723275,Major
FishermansRow,Eidolo,0.463375,0.52302,Major
AshFields,Electi,0.4613,0.133538,Major
ReachingTrail,Elksford,0.330497,0.497175,Major
EndlessShore,EnduringWake,0.205818,0.612242,Major
Heartlands,ErimosRanch,0.513069,0.845953,Minor
GreatMarch,Eristown,0.781144,0.872791,Minor
TempestIsland,ErosLagoon,0.149589,0.461273,Minor
LochMor,Escape,0.719937,0.905346,Minor
DrownedVale,Esterfal,0.786804,0.695559,Minor
MorgensCrossing,Eversus,0.359151,0.121744,Major
Godcrofts,Exile,0.425782,0.738,Major
Origin,Exorior,0.572499,0.886521,Minor
Stonecradle,FadingLights,0.73406,0.691561,Major
ClansheadValley,FallenCrown,0.288719,0.435744,Major
LochMor,FallenFields,0.511058,0.531778,Minor
Westgate,FandsChain,0.256259,0.140812,Minor
Acrithia,FatedHeel,0.58801,0.338063,Minor
GreatMarch,FatelessGrove,0.453552,0.090748,Minor
ReachingTrail,Featherfield,0.440672,0.798611,Minor
LochMor,Feirmor,0.502507,0.434246,Major
GreatMarch,Fengari,0.609906,0.749224,Minor
Westgate,FieldsofBadb,0.514195,0.150186,Minor
Acrithia,FinalMarch,0.807582,0.292509,Minor
ShackledChasm,FinalStep,0.303037,0.171808,Minor
Origin,Finis,0.317836,0.540141,Major
ShackledChasm,Firstmarch,0.84197,0.387328,Major
ReachingTrail,FishermansFloe,0.640081,0.557231,Minor
ViperPit,FleckCrossing,0.532196,0.537586,Major
Godcrofts,Fleecewatch,0.39515,0.139818,Major
DrownedVale,FleetsfallRiver,0.485968,0.083521,Minor
Westgate,FlidaisPasture,0.692416,0.22018,Minor
StemaLanding,Foreland,0.565351,0.261996,Minor
TheFingers,FortBarley,0.451795,0.367759,Major
SpeakingWoods,FortBlather,0.741795,0.802822,Major
LinnMercy,FortDuncan,0.736737,0.766062,Major
ClansheadValley,FortEalar,0.369838,0.715367,Major
FishermansRow,FortEmber,0.604485,0.324899,Major
ClansheadValley,FortEsterwild,0.715624,0.585883,Major
Oarbreaker,FortFogwood,0.787753,0.441519,Major
StlicanShelf,FortHoarfrost,0.607751,0.588688,Major
ReachingTrail,FortMacConaill,0.70213,0.848276,Major
RedRiver,FortMatchwood,0.545267,0.391126,Major
Heartlands,FortProvidence,0.75808,0.379264,Major
HowlCounty,FortRed,0.864711,0.411674,Major
ReaversPass,FortRictus,0.319854,0.199959,Major
HowlCounty,FortRider,0.351398,0.856752,Major
ViperPit,FortViper,0.341857,0.599041,Major
ClansheadValley,FortWindham,0.406273,0.140233,Major
WeatheredExpanse,Foxcatcher,0.516482,0.77808,Major
RedRiver,FragmentKnolls,0.177803,0.36585,Minor
WeatheredExpanse,Frostmarch,0.154921,0.463194,Major
LinnMercy,GallantGoughBoulevard,0.098207,0.43022,Minor
AllodsBight,GangrenousHollow,0.307639,0.736484,Minor
MarbanHollow,GapingMaw,0.562776,0.120337,Minor
KingsCage,GibbetFields,0.675521,0.690227,Major
StlicanShelf,GlassyFlats,0.282701,0.627241,Minor
Oarbreaker,Gold,0.206024,0.427641,Major
UmbralWildwood,GoldenConcourse,0.150958,0.712638,Minor
UmbralWildwood,GoldenrootRanch,0.156711,0.550508,Major
ShackledChasm,GorgonGrove,0.223359,0.356046,Major
TheFingers,GrapeshotIslands,0.565754,0.230278,Minor
TheMoors,GravekeepersHoldfast,0.42435,0.684748,Major
NevishLine,GravenFalls,0.535382,0.935963,Minor
HowlCounty,GreatWardenDam,0.655402,0.356211,Major
Heartlands,GreenfieldOrchard,0.731733,0.20454,Major
NevishLine,GriefMother,0.700765,0.648258,Major
Oarbreaker,GrislyRefuge,0.357618,0.169283,Major
Sableport,GroggyPinion,0.243216,0.197809,Minor
FarranacCoast,GulfoftheDaughters,0.016858,0.583299,Minor
RedRiver,GunpowderLane,0.613019,0.243462,Minor
AshFields,GunslingersPass,0.404807,0.918551,Minor
ShackledChasm,HadesLadder,0.407522,0.297558,Minor
Kalokai,Hallow,0.483021,0.452782,Major
GreatMarch,HaltingValley,0.788521,0.346285,Minor
Westgate,HandsomeHideaway,0.334056,0.499294,Minor
FishermansRow,HangmansCourt,0.724699,0.442835,Major
ViperPit,Hardcaps,0.45872,0.032196,Minor
LinnMercy,Hardline,0.359915,0.588794,Major
ReachingTrail,Harpy,0.443331,0.916366,Major
AllodsBight,HarpysPerch,0.502351,0.399817,Minor
Heartlands,HarvestersRange,0.47385,0.545041,Minor
TheFingers,HeadsmansVilla,0.196181,0.448838,Major
TheMoors,Headstone,0.475508,0.510661,Major
FishermansRow,HeartofRites,0.355314,0.468718,Minor
Acrithia,HeirApparent,0.458263,0.094163,Major
FarranacCoast,HermesInlet,0.270749,0.432295,Minor
UmbralWildwood,HermitsRest,0.671226,0.617663,Major
Westgate,Hillcrest,0.642059,0.625339,Minor
Westgate,Holdfast,0.464436,0.277717,Major
CallumsCape,Holdout,0.709838,0.57036,Major
CallumsCape,Hollowhill,0.617428,0.161845,Minor
AllodsBight,Homesick,0.353158,0.382657,Major
ReachingTrail,Hookhall,0.366727,0.649826,Minor
DeadLands,HopesCauseway,0.528303,0.579458,Minor
FishermansRow,HouseRoloi,0.260104,0.773875,Minor
ReachingTrail,Humidus,0.272328,0.667343,Minor
HowlCounty,HungryWolf,0.176456,0.46004,Major
WeatheredExpanse,Huntsfort,0.485847,0.534975,Major
SpeakingWoods,Hush,0.456654,0.222812,Major
FarranacCoast,Huskhollow,0.586092,0.562781,Major
ReachingTrail,IceRanch,0.704202,0.387893,Major
Kalokai,IchorusAmphitheatre,0.320098,0.304566,Minor
SpeakingWoods,InariBase,0.743176,0.157392,Major
Origin,Initium,0.615585,0.336922,Major
Westgate,InkwellLane,0.592862,0.105834,Minor
Oarbreaker,Integrum,0.362544,0.809671,Major
CallumsCape,Ire,0.479449,0.849527,Major
EndlessShore,IronJunction,0.359527,0.795666,Major
DeadLands,IronsEnd,0.461208,0.262074,Major
Godcrofts,Isawa,0.548648,0.197014,Major
StemaLanding,IsleofEros,0.439332,0.452275,Minor
TempestIsland,IsleofPsyche,0.151593,0.513692,Major
FarranacCoast,IuxtaGulf,0.778393,0.146006,Minor
GreatMarch,JackbootCreek,0.249491,0.643458,Minor
GreatMarch,JackField,0.416581,0.942944,Minor
Heartlands,JanusField,0.411097,0.873623,Minor
DeadLands,JasparRange,0.288076,0.663217,Minor
KingsCage,JestersFoil,0.244929,0.342234,Minor
ReaversPass,JewellersBay,0.73488,0.429026,Minor
RedRiver,Judicium,0.721711,0.367189,Major
FarranacCoast,Kardia,0.626106,0.86518,Minor
Westgate,KardiaRoad,0.59089,0.178799,Minor
ReaversPass,Keelhaul,0.422143,0.710733,Major
EndlessShore,KelpiesMane,0.776037,0.635214,Minor
EndlessShore,KelpiesTail,0.719425,0.674869,Minor
Westgate,KillianQuarter,0.789166,0.160076,Minor
Westgate,Kingstone,0.643556,0.410888,Major
ViperPit,Kirknell,0.282704,0.548087,Major
WeatheredExpanse,Kirkyard,0.296807,0.622848,Minor
Oarbreaker,KofteriChannel,0.509271,0.399374,Minor
Heartlands,KosMeadows,0.233848,0.874821,Minor
UmbralWildwood,LachesisTally,0.840556,0.54475,Major
ViperPit,LakeMioira,0.213708,0.100938,Minor
FishermansRow,LakeNerites,0.326997,0.542891,Minor
LochMor,LakeSeverspring,0.134594,0.678678,Minor
BasinSionnach,Lamplight,0.70557,0.579375,Major
LinnMercy,Lathair,0.725896,0.311908,Major
KingsCage,LeaflessWhim,0.174184,0.656511,Minor
UmbralWildwood,LeatherbackPathway,0.710999,0.374039,Minor
GreatMarch,LegacyPasture,0.775861,0.778066,Minor
Acrithia,LegionRanch,0.753278,0.463919,Major
ShackledChasm,LegionsDawn,0.346242,0.948273,Minor
GreatMarch,Leto,0.245985,0.504085,Major
TempestIsland,LiarsHaven,0.681306,0.639823,Major
TempestIsland,LiarsLeague,0.774758,0.49162,Minor
DeadLands,LiberationPoint,0.242962,0.551771,Major
FarranacCoast,LiberationStreet,0.831482,0.845824,Minor
FishermansRow,LibertyHill,0.367381,0.357838,Minor
EndlessShore,Liegehearth,0.302815,0.451288,Minor
Sableport,LightsEnd,0.359168,0.707818,Major
ReachingTrail,LimestoneHoldfast,0.293893,0.155578,Major
ShackledChasm,LimewoodHoldfast,0.471568,0.474952,Major
DrownedVale,Linger,0.484416,0.344763,Minor
CallahansPassage,LingeringLashes,0.396006,0.163192,Minor
GreatMarch,Lionsfort,0.695684,0.122161,Major
Oarbreaker,LionsHeadPass,0.456777,0.803756,Minor
Godcrofts,Lipsia,0.728633,0.759594,Major
HowlCounty,LittleLamb,0.587711,0.815406,Major
MorgensCrossing,Lividus,0.614973,0.538343,Major
CallahansPassage,Lochan,0.549409,0.507903,Minor
CallahansPassage,LochanBerth,0.5627,0.423747,Major
LochMor,LochMor,0.463501,0.270625,Minor
MarbanHollow,Lockheed,0.64076,0.89877,Major
MarbanHollow,LockheedBreakers,0.552781,0.844049,Minor
Heartlands,Loftmire,0.551604,0.441997,Minor
DrownedVale,Loggerhead,0.415039,0.207948,Major
Stonecradle,Longing,0.369986,0.732075,Minor
Westgate,Longstone,0.645475,0.72344,Major
CallumsCape,Lookout,0.751717,0.779346,Major
Sableport,LordsCellar,0.758908,0.821465,Minor
Westgate,LordsMouth,0.829339,0.430749,Major
TempestIsland,LostAirchal,0.690536,0.828817,Minor
Kalokai,LostGreensward,0.557117,0.900637,Major
ClansheadValley,LostOrphans,0.261982,0.614858,Minor
Westgate,LostPartition,0.815001,0.575654,Major
CallahansPassage,LostTops,0.245092,0.871078,Minor
Heartlands,LowerBarronyField,0.462695,0.315591,Minor
TheMoors,LuchsWorkshop,0.721818,0.202391,Major
MarbanHollow,LughboneDam,0.605724,0.419884,Minor
Sableport,LyeFields,0.458054,0.691301,Minor
TheMoors,LyonsWood,0.884749,0.392968,Minor
ReachingTrail,MacConaillsPass,0.617241,0.985965,Minor
TheMoors,MacConmaraBarrows,0.58294,0.805496,Major
FarranacCoast,MachasKeening,0.702051,0.782469,Major
MarbanHollow,MaidensVeil,0.517573,0.521407,Major
DeadLands,MandibleCrossroads,0.201303,0.335666,Minor
ShackledChasm,MankyHills,0.812511,0.592833,Minor
FarranacCoast,Mara,0.854971,0.484275,Major
LochMor,MarketRoad,0.204178,0.515131,Major
DeadLands,MarrowCopse,0.351984,0.313079,Minor
Terminus,MartyrsFang,0.488041,0.433675,Minor
FarranacCoast,McCarthyFields,0.6015,0.781092,Minor
LinnMercy,MercifulStrait,0.841928,0.675302,Minor
DeadLands,MercyMeadow,0.12713,0.541939,Minor
DeadLands,MercysEnd,0.622916,0.830656,Minor
AllodsBight,MercysWail,0.512385,0.570363,Major
LochMor,MercysWish,0.454502,0.13036,Major
EndlessShore,MerrowsRest,0.789325,0.771079,Minor
GreatMarch,Milowood,0.773954,0.696988,Minor
RedRiver,Minos,0.367716,0.472543,Major
LochMor,MissingBones,0.854435,0.307173,Minor
NevishLine,MistleShrine,0.827254,0.437088,Major
ViperPit,Moltworth,0.62345,0.710397,Major
LochMor,MoonsCopse,0.770753,0.508001,Major
TheMoors,MoonsWalk,0.420775,0.341986,Minor
FarranacCoast,MooringDens,0.592381,0.285155,Minor
TheMoors,MorrighansGrave,0.728639,0.606998,Major
GreatMarch,MorsRange,0.69876,0.722933,Minor
AshFields,MountBlackmoth,0.597245,0.223425,Minor
AshFields,MountBrimstone,0.418602,0.806958,Minor
ReaversPass,MountHaulwind,0.585246,0.563418,Minor
MarbanHollow,MountMacTire,0.30356,0.917059,Minor
SpeakingWoods,MountRell,0.178777,0.564652,Minor
TheFingers,MountTalio,0.416915,0.42968,Minor
ReachingTrail,Mousetrap,0.840101,0.533163,Major
MarbanHollow,Mox,0.710367,0.117435,Major
LinnMercy,Mudhole,0.570014,0.302388,Minor
SpeakingWoods,Mute,0.300329,0.292903,Minor
GreatMarch,MyrmidonsStay,0.605882,0.229735,Major
CallumsCape,Naofa,0.146668,0.503729,Major
LinnMercy,Nathair,0.593859,0.413467,Minor
WeatheredExpanse,Necropolis,0.347402,0.688721,Major
Acrithia,NereidKeep,0.714488,0.634941,Major
NevishLine,NevishTrail,0.356067,0.079942,Minor
ReachingTrail,Nightchurch,0.378225,0.744878,Major
Kalokai,NightsRegret,0.215323,0.473865,Major
Origin,NoventusPassage,0.482053,0.095706,Minor
Oarbreaker,Obitum,0.619528,0.336028,Minor
Origin,ObsidioIsland,0.219294,0.273337,Minor
FishermansRow,Oceanwatch,0.472029,0.129335,Major
KingsCage,OcelotBridge,0.57396,0.430873,Minor
TheMoors,Ogmaran,0.431212,0.170432,Major
Heartlands,OleanderFields,0.676584,0.639753,Minor
Heartlands,OleanderHomestead,0.827817,0.490685,Major
AshFields,OmegaValley,0.756888,0.307643,Minor
MarbanHollow,OsterWall,0.799404,0.471271,Major
LochMor,Ousterdown,0.205338,0.661872,Minor
LinnMercy,OutwichRanch,0.837013,0.486813,Major
DeadLands,OvergrownPasture,0.15952,0.643427,Minor
CallahansPassage,OverlookHill,0.52523,0.648151,Major
TempestIsland,PaleCnap,0.289755,0.103958,Minor
Heartlands,PandoraCompound,0.440343,0.710071,Minor
Oarbreaker,PartisanIsland,0.738065,0.662346,Major
ViperPit,PathoftheCharmed,0.681991,0.94183,Minor
DeadLands,PathtotheSun,0.272948,0.893189,Minor
Acrithia,Patridia,0.392782,0.609666,Major
RedRiver,Penance,0.502715,0.166192,Major
Clahstra,PenitentInlet,0.325046,0.45936,Minor
Godcrofts,PeriptiDepths,0.482572,0.80497,Minor
FishermansRow,PeriptiLanding,0.294184,0.454027,Major
RedRiver,Perish,0.286029,0.74905,Minor
Godcrofts,PerpetuaChannel,0.473227,0.371991,Minor
Godcrofts,PigIsland,0.49814,0.512251,Minor
MarbanHollow,Pilgrimage,0.396672,0.101864,Minor
ReachingTrail,Pitfall,0.877845,0.378583,Minor
TempestIsland,PlanaFada,0.327757,0.820219,Major
TheFingers,Plankhouse,0.34953,0.626508,Major
FarranacCoast,PleadingWharf,0.626276,0.717469,Major
NevishLine,Plumage,0.683647,0.783853,Minor
LochMor,Pockfields,0.535273,0.660821,Minor
Oarbreaker,Pollux,0.433407,0.091571,Minor
DeadLands,PommelAnnex,0.488575,0.393344,Minor
StlicanShelf,PortofRime,0.674521,0.33457,Major
Oarbreaker,Posterus,0.57131,0.793343,Major
Godcrofts,PrimusTrames,0.591749,0.857853,Minor
NevishLine,Princefal,0.560197,0.53362,Major
CallumsCape,PrincefalBurn,0.198084,0.546851,Minor
NevishLine,PrincefalBurn,0.545455,0.707603,Minor
ReaversPass,PrivateersBounty,0.484284,0.246857,Minor
Heartlands,Proexi,0.652623,0.835046,Major
FishermansRow,ProgonosWatch,0.505007,0.440884,Minor
Godcrofts,Protos,0.294801,0.439692,Major
Heartlands,ProvidenceField,0.611813,0.348113,Minor
ReachingTrail,Puncta,0.185309,0.588827,Minor
MorgensCrossing,Quietus,0.294471,0.362705,Major
BasinSionnach,RadiantShore,0.238623,0.661452,Minor
Westgate,RanchersFast,0.694478,0.18182,Major
SpeakingWoods,ReachingRiver,0.709996,0.679859,Minor
TheMoors,ReachingRiver,0.226313,0.270759,Major
Westgate,ReaversCove,0.475044,0.524352,Minor
RedRiver,RedCrossing,0.618107,0.83563,Minor
TempestIsland,Reef,0.705749,0.303476,Major
ShackledChasm,Reflection,0.2163,0.604324,Major
Oarbreaker,ReliquaLagoon,0.657788,0.637926,Minor
SpeakingWoods,RellFoothills,0.31729,0.665788,Minor
GreatMarch,RemnantAcreage,0.523388,0.515668,Minor
GreatMarch,RemnantVilla,0.551107,0.439471,Major
ReachingTrail,Reprieve,0.544686,0.676061,Major
WeatheredExpanse,RevenantsPath,0.837263,0.589043,Minor
StlicanShelf,RevenantsWalk,0.50587,0.2374,Minor
WeatheredExpanse,RimeWastes,0.23785,0.39046,Minor
LochMor,Rip,0.486969,0.781413,Minor
MorgensCrossing,RisingCalm,0.477306,0.382114,Minor
Terminus,RisingLoom,0.489286,0.70422,Minor
Sableport,RivenDowns,0.720293,0.154522,Minor
TheMoors,Riverhill,0.658769,0.238437,Minor
Acrithia,Riverlands,0.498765,0.830776,Minor
LinnMercy,Rotdust,0.585684,0.151789,Major
AllodsBight,Rumhold,0.256701,0.243639,Major
TheFingers,RustyAnchor,0.261059,0.335298,Minor
Godcrofts,Saegio,0.56166,0.480921,Major
Clahstra,SaintsCrossing,0.68892,0.302323,Minor
EndlessShore,SaltbrookChannel,0.303757,0.381626,Major
Westgate,SanctifiedPath,0.63349,0.822231,Minor
MarbanHollow,Sanctum,0.225538,0.272192,Major
Oarbreaker,SandalwoodBeach,0.673889,0.148988,Minor
ShackledChasm,Savages,0.390308,0.18469,Major
KingsCage,Scarlethold,0.385352,0.784494,Major
FarranacCoast,ScarpofAmbrose,0.477039,0.379341,Major
TheMoors,ScathCopse,0.864296,0.559622,Minor
CallahansPassage,ScathPassing,0.3491,0.531843,Major
GreatMarch,SchalaEstate,0.33548,0.635879,Minor
TempestIsland,Sclera,0.534173,0.581901,Minor
ReachingTrail,Scorpion,0.338546,0.863169,Minor
CallumsCape,ScoutsJest,0.237363,0.74375,Major
GreatMarch,ScrabblingMotte,0.19586,0.178107,Minor
AllodsBight,Scurvyshire,0.372653,0.209968,Major
ReaversPass,Scuttletown,0.250697,0.490425,Major
FarranacCoast,Scythe,0.788555,0.348502,Major
StlicanShelf,SearingBlind,0.176978,0.374119,Minor
TheFingers,SecondMan,0.329551,0.85393,Major
Clahstra,SecondPrayer,0.822803,0.408249,Minor
UmbralWildwood,Sentry,0.395983,0.825286,Major
ViperPit,SerenitysBlight,0.443897,0.351141,Major
GreatMarch,SerpentCharm,0.280965,0.836178,Minor
BasinSionnach,Sess,0.223914,0.411794,Major
Terminus,Sever,0.825583,0.405656,Minor
ReaversPass,SharkfinRiver,0.680942,0.248286,Minor
WeatheredExpanse,ShatteredAdvance,0.389442,0.308512,Major
FarranacCoast,SickleHill,0.465936,0.444244,Minor
HowlCounty,Sickleshire,0.699618,0.657902,Major
EndlessShore,SidheFall,0.484388,0.297024,Major
ShackledChasm,SilkFarms,0.4394,0.6651,Major
Oarbreaker,Silver,0.488762,0.546064,Major
Sableport,Simmerset,0.468169,0.870007,Minor
ShackledChasm,SimosRun,0.714786,0.858975,Major
DrownedVale,SingingSerpents,0.663207,0.31275,Major
CallahansPassage,SiocApproach,0.621827,0.67212,Minor
Westgate,SiochanaValley,0.580464,0.899851,Minor
GreatMarch,Sitaria,0.537554,0.617895,Major
FarranacCoast,SkeletonRoad,0.594031,0.354024,Minor
TempestIsland,SkodioIsle,0.445653,0.155076,Minor
Oarbreaker,SkullBeach,0.267188,0.445878,Minor
Clahstra,SleepingChoir,0.755815,0.687402,Minor
MarbanHollow,SlenderCove,0.721716,0.289773,Minor
KingsCage,Slipchain,0.205833,0.440865,Major
HowlCounty,SlipgateOutpost,0.403909,0.385649,Major
Sableport,SlumberingMeadow,0.482956,0.103539,Minor
Clahstra,SlyPassage,0.524405,0.844492,Minor
ViperPit,SnakeheadLake,0.401738,0.208306,Minor
HowlCounty,Snakewall,0.385871,0.131089,Minor
LinnMercy,SolasBurn,0.730954,0.225413,Minor
CallahansPassage,SolasGateway,0.232419,0.423196,Minor
CallahansPassage,SolasGorge,0.194069,0.33073,Major
AshFields,Sootflow,0.716636,0.721191,Major
DrownedVale,SopFields,0.519887,0.673202,Minor
SpeakingWoods,SottoBank,0.562601,0.543182,Major
CallahansPassage,SouredFields,0.091006,0.532157,Minor
Kalokai,Sourtooth,0.644321,0.098581,Major
KingsCage,Southblade,0.586311,0.825088,Major
Kalokai,SouthMarch,0.400863,0.523847,Minor
ShackledChasm,Southreach,0.477476,0.09447,Minor
WeatheredExpanse,SpiritWatch,0.65239,0.725519,Major
DrownedVale,SplinterPens,0.471952,0.800865,Major
DrownedVale,SpritesGame,0.326436,0.432937,Minor
UmbralWildwood,SteelyFields,0.167327,0.322954,Minor
SpeakingWoods,Stem,0.393637,0.713169,Major
StemaLanding,StemaApproach,0.804754,0.844725,Minor
BasinSionnach,Stoic,0.855629,0.429994,Major
TempestIsland,StratosValve,0.505426,0.493013,Minor
UmbralWildwood,Stray,0.676725,0.184528,Major
FarranacCoast,SunderBeach,0.356135,0.419864,Minor
DeadLands,SunhavenGateway,0.387225,0.560534,Minor
DeadLands,SunsHollow,0.273352,0.721538,Major
TempestIsland,SurgeField,0.610589,0.581337,Minor
TempestIsland,SurgeGate,0.399566,0.452182,Major
Sableport,SutureLowlands,0.146263,0.425812,Minor
Kalokai,Sweethearth,0.654568,0.214876,Major
ClansheadValley,Sweetholt,0.779557,0.345979,Major
TempestIsland,Sweetworm,0.285203,0.67653,Minor
Acrithia,Swordfort,0.27081,0.293382,Major
ClansheadValley,Tallowild,0.308351,0.234913,Minor
Sableport,Talonsfort,0.358209,0.134848,Major
AshFields,TarCreek,0.259119,0.596962,Minor
DeadLands,TarsalPathway,0.205098,0.41587,Minor
Westgate,TaswellPoint,0.549652,0.793196,Minor
LochMor,Tear,0.676599,0.777586,Minor
NevishLine,TearRoad,0.375935,0.473648,Minor
TheFingers,TearsofTethys,0.594362,0.502974,Minor
Origin,Teichotima,0.320805,0.780043,Major
HowlCounty,TellerFarm,0.400429,0.646176,Major
Origin,TempleField,0.717197,0.520289,Minor
FarranacCoast,Terra,0.611909,0.405155,Major
UmbralWildwood,TerrapinWoods,0.730063,0.49095,Minor
TheFingers,TethysBase,0.589985,0.543148,Major
DeadLands,TheAbbeyDrag,0.753966,0.129005,Minor
NevishLine,TheAgingOcean,0.160974,0.43394,Minor
Westgate,TheAgingOcean,0.114026,0.663528,Minor
ReachingTrail,TheArk,0.741585,0.557898,Major
NevishLine,TheArrow,0.79179,0.562735,Minor
AshFields,TheAshfort,0.755745,0.421604,Major
Godcrofts,TheAxehead,0.263608,0.609588,Major
KingsCage,TheBailie,0.461256,0.190762,Major
ReachingTrail,TheBait,0.708999,0.557733,Minor
ClansheadValley,TheBastardsChannel,0.535387,0.520288,Minor
MorgensCrossing,TheBastardSea,0.352054,0.632989,Minor
DrownedVale,TheBaths,0.568362,0.526071,Major
FarranacCoast,TheBayofArtemis,0.351952,0.687434,Minor
ShackledChasm,TheBellToll,0.62114,0.382919,Major
ReaversPass,TheBilge,0.516293,0.147086,Major
GreatMarch,TheBlackWing,0.487194,0.735348,Minor
DeadLands,TheBlade,0.574384,0.381849,Minor
Heartlands,TheBlemish,0.64916,0.466813,Major
ViperPit,TheBloodyBowery,0.27642,0.457736,Minor
ShackledChasm,TheBlue,0.540954,0.875317,Minor
FarranacCoast,TheBoneHaft,0.502072,0.226242,Major
DeadLands,TheBoneyard,0.594389,0.271638,Minor
Heartlands,TheBreach,0.364244,0.270849,Major
Acrithia,TheBrinehold,0.4971,0.486475,Major
Westgate,TheBulwark,0.768931,0.64326,Minor
ReachingTrail,TheCairns,0.603129,0.238883,Minor
AshFields,TheCalamity,0.266714,0.447616,Major
ReachingTrail,TheChickenCoop,0.32072,0.414551,Minor
MarbanHollow,TheClaim,0.736686,0.666845,Minor
MarbanHollow,TheClutch,0.514264,0.275008,Minor
StemaLanding,TheCoil,0.52513,0.406682,Minor
Oarbreaker,TheConclave,0.596389,0.20631,Major
Stonecradle,TheCord,0.562494,0.694262,Major
LinnMercy,TheCrimsonGardens,0.229586,0.628411,Major
DeadLands,TheCrossing,0.417646,0.446616,Minor
CallahansPassage,TheCrumblingPassage,0.455447,0.784725,Major
MarbanHollow,TheCurse,0.625115,0.513146,Minor
TheMoors,TheCut,0.251853,0.741584,Major
Stonecradle,TheDais,0.593156,0.102234,Major
EndlessShore,TheDarkRoad,0.836939,0.495027,Minor
ReachingTrail,TheDeckard,0.427516,0.04121,Minor
BasinSionnach,TheDen,0.4074,0.511816,Major
Oarbreaker,TheDirk,0.326733,0.666153,Major
Westgate,TheDivide,0.483026,0.899851,Minor
Origin,TheDreamersRoad,0.575055,0.484126,Minor
UmbralWildwood,TheDredgewood,0.784835,0.661724,Minor
CallumsCape,TheDreg,0.530228,0.242045,Minor
LinnMercy,TheDrone,0.193576,0.222619,Minor
Origin,TheEcho,0.732236,0.667234,Minor
EndlessShore,TheEvilEye,0.706914,0.451785,Minor
SpeakingWoods,TheFilament,0.30684,0.47615,Major
LinnMercy,TheFirstCoin,0.408409,0.718451,Major
ShackledChasm,TheFirstRung,0.354774,0.442282,Minor
StemaLanding,TheFlair,0.329356,0.225356,Major
ShackledChasm,TheFoolishMaidens,0.07533,0.573039,Minor
ReaversPass,TheForewardFathom,0.75672,0.560614,Minor
LochMor,TheFoundingFields,0.517611,0.930421,Minor
UmbralWildwood,TheFoundry,0.27597,0.22466,Major
Clahstra,TheFourPillars,0.589469,0.127455,Minor
BasinSionnach,TheFoxfields,0.399675,0.187854,Minor
ViperPit,TheFriars,0.269042,0.815743,Major
UmbralWildwood,TheFrontier,0.611564,0.721657,Minor
Heartlands,TheFumingPen,0.195091,0.687134,Minor
ReaversPass,TheFurl,0.493991,0.861566,Minor
TempestIsland,TheGale,0.556106,0.716437,Major
Westgate,TheGallows,0.363735,0.106146,Major
UmbralWildwood,TheGap,0.423718,0.531849,Minor
Clahstra,TheGarth,0.534524,0.594545,Minor
LochMor,TheGlean,0.140587,0.496625,Minor
ShackledChasm,TheGraveofErastos,0.650526,0.157292,Major
TheMoors,TheGraveyard,0.374175,0.539697,Minor
DeadLands,TheGreatMarch,0.356326,0.88145,Minor
GreatMarch,TheGreatMarch,0.650065,0.732266,Minor
LinnMercy,TheGreatScale,0.411132,0.290848,Minor
CallumsCape,TheGunwall,0.438871,0.376674,Minor
FarranacCoast,TheHeartRoad,0.666231,0.916924,Minor
Stonecradle,TheHeirsKnife,0.276373,0.780616,Major
Westgate,TheHem,0.790699,0.744253,Minor
HowlCounty,TheHuntingGrounds,0.217719,0.675816,Minor
TempestIsland,TheIris,0.626664,0.48054,Major
DeadLands,TheIronPassage,0.481197,0.315444,Minor
DeadLands,TheIronRoad,0.527816,0.132421,Minor
WeatheredExpanse,TheIvoryBank,0.421689,0.927023,Minor
WeatheredExpanse,TheIvorySea,0.176701,0.725722,Minor
FarranacCoast,TheJadeCove,0.432261,0.649026,Major
CallahansPassage,TheKey,0.72057,0.936347,Minor
ClansheadValley,TheKing,0.558886,0.384109,Major
Westgate,TheKingsRoad,0.73255,0.40985,Minor
Westgate,TheKnightsEdge,0.579454,0.289195,Minor
ReachingTrail,TheKnot,0.449044,0.65832,Minor
ViperPit,TheLadysLake,0.19557,0.632804,Minor
Clahstra,TheLaity,0.234387,0.6619,Minor
CallahansPassage,TheLance,0.384859,0.074718,Minor
LinnMercy,TheLastGrove,0.382688,0.884589,Major
CallahansPassage,TheLatch,0.727137,0.683133,Major
Terminus,TheLegionsBounty,0.294557,0.620745,Minor
AllodsBight,TheList,0.226676,0.807596,Minor
Stonecradle,TheLoneliestShore,0.525158,0.254337,Minor
Stonecradle,TheLongFast,0.417141,0.889815,Major
LinnMercy,TheLongWhine,0.357835,0.209964,Major
KingsCage,TheManacle,0.380119,0.464142,Major
GreatMarch,TheMidmarch,0.292007,0.025634,Minor
FarranacCoast,TheMirror,0.824722,0.411111,Minor
TheMoors,TheMound,0.529396,0.634781,Minor
EndlessShore,TheNorthStar,0.302523,0.261643,Minor
StemaLanding,TheNorthWind,0.327794,0.091587,Minor
TheFingers,TheOldCaptain,0.830373,0.57598,Major
EndlessShore,TheOldJackTar,0.179787,0.412112,Major
StlicanShelf,TheOldMourn,0.287507,0.766004,Major
Heartlands,TheOrchardWall,0.698537,0.249745,Minor
DrownedVale,TheOtherVein,0.120905,0.600112,Minor
TempestIsland,TheOutwood,0.613171,0.397104,Minor
EndlessShore,TheOverland,0.575041,0.79666,Major
StlicanShelf,ThePaleHouse,0.186941,0.439909,Major
Sableport,ThePendant,0.71506,0.338939,Major
Terminus,ThePhalanx,0.375615,0.618797,Minor
ClansheadValley,ThePike,0.589134,0.84644,Major
DeadLands,ThePits,0.465119,0.62978,Major
DeadLands,ThePlaza,0.429601,0.40104,Minor
Heartlands,ThePlough,0.54745,0.249713,Major
ShackledChasm,ThePlunging,0.192693,0.751842,Minor
LinnMercy,ThePrairieBazaar,0.614323,0.740401,Major
Stonecradle,ThePram,0.391383,0.477352,Minor
CallahansPassage,TheProcession,0.751389,0.439297,Major
Stonecradle,TheReach,0.701072,0.205289,Major
ReachingTrail,TheReachingHeights,0.546316,0.547519,Minor
FarranacCoast,TheReapingFields,0.650947,0.51992,Minor
LochMor,TheReapingRoad,0.300184,0.033672,Minor
AshFields,TheRedRiver,0.518415,0.347174,Minor
RedRiver,TheRedRiver,0.521906,0.707363,Minor
Terminus,TheRespite,0.404304,0.742963,Minor
ReachingTrail,TheRimeLedge,0.899365,0.745286,Minor
FishermansRow,TheRiteRoad,0.45041,0.385077,Minor
KingsCage,TheRiverBlaise,0.549489,0.598497,Minor
FarranacCoast,TheRiverMercy,0.575741,0.65215,Minor
LinnMercy,TheRiverMercy,0.641596,0.617484,Minor
GreatMarch,TheRiverSenti,0.305576,0.378449,Minor
CallumsCape,TheRiverVein,0.553944,0.499192,Minor
Terminus,Therizo,0.453297,0.738624,Major
Sableport,TheRobinsNest,0.768479,0.58302,Major
ViperPit,TheRockaway,0.7805,0.704823,Minor
LochMor,TheRoilfort,0.584103,0.759198,Major
Stonecradle,TheRoilingComets,0.856341,0.544309,Minor
Heartlands,TheRollcage,0.156627,0.343139,Minor
ReachingTrail,TheRousingFields,0.23696,0.467862,Minor
AllodsBight,TheRumroad,0.188215,0.284239,Minor
TempestIsland,TheRush,0.526945,0.339753,Major
CallahansPassage,TheRustRoad,0.202394,0.698954,Minor
DrownedVale,TheSaltcaps,0.633008,0.169289,Major
Heartlands,TheSaltCrossing,0.785332,0.070847,Minor
DeadLands,TheSaltFarms,0.456971,0.837613,Major
DeadLands,TheSaltMarch,0.822894,0.481924,Major
DeadLands,TheSaltTrail,0.403976,0.745117,Minor
FishermansRow,TheSatyrStone,0.696543,0.800909,Major
ReachingTrail,TheScar,0.294265,0.543678,Minor
NevishLine,TheScryingBelt,0.59507,0.23161,Major
EndlessShore,TheSelkieBluffs,0.579225,0.540588,Minor
DeadLands,TheShornFields,0.455533,0.913922,Minor
ViperPit,TheSlitheringScales,0.578732,0.431429,Minor
FarranacCoast,TheSnag,0.893514,0.787054,Minor
StlicanShelf,TheSouthWind,0.610304,0.839212,Major
TheMoors,TheSpade,0.24432,0.43666,Major
WeatheredExpanse,TheSpear,0.625612,0.336176,Minor
StemaLanding,TheSpearhead,0.596819,0.336185,Major
GreatMarch,TheSpiceRoad,0.375012,0.437795,Minor
DeadLands,TheSpine,0.306974,0.235828,Major
MarbanHollow,TheSpitrocks,0.355112,0.727336,Major
ReachingTrail,TheSqueeze,0.317588,1.056514,Minor
WeatheredExpanse,TheStand,0.089226,0.365076,Minor
Origin,TheSteelRoad,0.585994,0.111624,Major
DeadLands,TheSteppes,0.667862,0.527188,Minor
CallahansPassage,TheStern,0.78071,0.785017,Minor
AshFields,TheStillness,0.377646,0.417379,Minor
AllodsBight,TheStonePlank,0.745561,0.446081,Major
UmbralWildwood,TheStrands,0.50698,0.237842,Minor
Kalokai,TheStumble,0.373516,0.1398,Minor
EndlessShore,TheStyx,0.464723,0.639165,Minor
Origin,TheSundering,0.467073,0.635486,Minor
GreatMarch,TheSwan,0.409796,0.873464,Major
ViperPit,TheTongue,0.693691,0.154688,Minor
Clahstra,TheTreasury,0.410987,0.497438,Major
AllodsBight,TheTurncoat,0.38879,0.730781,Major
DrownedVale,TheTurtlerocks,0.579428,0.358451,Minor
TheFingers,TheTusk,0.305131,0.18499,Major
Acrithia,ThetusRing,0.429268,0.323543,Major
ShackledChasm,TheVanguard,0.692739,0.622179,Major
Clahstra,TheVault,0.373657,0.252611,Major
Kalokai,TheVineroad,0.823795,0.406396,Minor
StemaLanding,TheWane,0.655468,0.826829,Major
TheFingers,TheWaryNymphae,0.711369,0.807101,Minor
DrownedVale,TheWash,0.381508,0.512186,Major
ClansheadValley,TheWeatheredAdvance,0.361465,0.857439,Minor
WeatheredExpanse,TheWeatheredWall,0.180464,0.18551,Minor
WeatheredExpanse,TheWeatheringHalls,0.460955,0.157184,Major
StemaLanding,TheWendingTether,0.329754,0.570386,Minor
StemaLanding,TheWestLine,0.736485,0.230439,Minor
ReaversPass,TheWhaler,0.129751,0.575058,Minor
Sableport,TheWhetstone,0.322609,0.46409,Major
EndlessShore,TheWhisperingWaves,0.660846,0.580116,Minor
GreatMarch,TheWhiteWing,0.553707,0.838399,Minor
Stonecradle,TheWhorl,0.305368,0.346445,Minor
DrownedVale,TheWillowWood,0.307388,0.837474,Minor
TheMoors,TheWindHills,0.375676,0.894091,Major
ReaversPass,ThimbleBase,0.338608,0.872634,Major
Clahstra,ThirdChapter,0.563485,0.206906,Major
StlicanShelf,Thornhold,0.233089,0.595859,Major
Terminus,ThreeSiblings,0.773323,0.745097,Minor
ClansheadValley,ThroneofDruiminn,0.628117,0.160553,Minor
Terminus,Thunderbolt,0.344654,0.090316,Major
UmbralWildwood,Thunderfoot,0.345933,0.514681,Major
Terminus,ThunderPlains,0.292131,0.261877,Minor
UmbralWildwood,ThunderRow,0.260851,0.663166,Minor
ReachingTrail,Thylak,0.118086,0.740565,Minor
SpeakingWoods,Tine,0.621175,0.325575,Major
TheFingers,Titancall,0.572694,0.863512,Major
AllodsBight,TitansEnd,0.537411,0.10903,Minor
NevishLine,TombFather,0.414358,0.872016,Major
LochMor,TomboftheFirst,0.266354,0.206962,Major
FishermansRow,TorchofDemeter,0.424856,0.681883,Minor
BasinSionnach,Torchwood,0.732487,0.733182,Minor
CallumsCape,TrailoftheDead,0.422275,0.623544,Minor
Stonecradle,TrammelPool,0.775525,0.46082,Major
Clahstra,Transept,0.304586,0.7429,Major
FarranacCoast,TransientValley,0.656114,0.145534,Major
Westgate,TritonsCurse,0.20094,0.883553,Minor
EndlessShore,TuathaWatchpost,0.853922,0.550741,Major
RedRiver,TwelveDrops,0.713382,0.457775,Minor
ViperPit,TwinFangs,0.370246,0.401323,Minor
AshFields,TwinFlames,0.793081,0.597534,Minor
CallahansPassage,TwistedMumble,0.675405,0.172121,Minor
LinnMercy,UlsterFalls,0.46411,0.450227,Major
MorgensCrossing,Ultimus,0.7474,0.155943,Minor
NevishLine,Unruly,0.662727,0.077027,Major
Heartlands,UpperBarronyField,0.471439,0.092724,Minor
Heartlands,UpperHeartlands,0.325117,0.113691,Minor
Godcrofts,UrsaBase,0.661284,0.242764,Major
StemaLanding,Ustio,0.447566,0.522397,Major
UmbralWildwood,VagrantBastion,0.507659,0.161604,Major
CallumsCape,ValtaDowns,0.649618,0.831038,Minor
MorgensCrossing,VelianStorm,0.633011,0.421845,Minor
StemaLanding,VergeWing,0.188688,0.474801,Major
DrownedVale,Vessel,0.363513,0.715022,Major
CallumsCape,Vex,0.379533,0.873149,Minor
Godcrofts,VicitBay,0.395519,0.551516,Minor
FarranacCoast,Victa,0.441757,0.874474,Major
RedRiver,VictoriaHill,0.773457,0.563345,Major
Kalokai,VinumRillet,0.318233,0.816606,Minor
GreatMarch,VioletFields,0.134297,0.328585,Minor
GreatMarch,Violethome,0.313003,0.192314,Major
HowlCounty,Viperwalk,0.766968,0.805581,Minor
StlicanShelf,VulpineWatch,0.428619,0.728224,Major
Westgate,WardenWalk,0.869896,0.532704,Minor
Terminus,WarlordsStead,0.252776,0.359002,Major
MorgensCrossing,WarmongerBay,0.723846,0.731819,Minor
Sableport,Waspwood,0.363889,0.338133,Minor
AshFields,WastefulCalm,0.455896,0.662281,Minor
UmbralWildwood,WastingHolt,0.550417,0.940017,Minor
Clahstra,WatchfulNave,0.380352,0.86574,Major
Acrithia,WearySlumber,0.314298,0.148799,Minor
UmbralWildwood,WeaversTrail,0.550068,0.446207,Minor
Clahstra,Weephome,0.734567,0.39799,Major
EndlessShore,Wellchurch,0.51463,0.459453,Major
Westgate,WesternHeartlands,0.719914,0.343739,Minor
Westgate,WestgateKeep,0.595992,0.563679,Major
LochMor,Westmarch,0.629411,0.156757,Major
CallahansPassage,WhisperingGulch,0.496153,1.04493,Minor
CallahansPassage,WhiteChapel,0.763468,0.266987,Major
TheMoors,Wiccwalk,0.772826,0.792623,Major
TheMoors,Wiccwood,0.643141,0.451438,Minor
LochMor,WidowsWail,0.33519,0.7624,Minor
ShackledChasm,WidowsWeb,0.527886,0.672851,Minor
WeatheredExpanse,Wightwalk,0.690546,0.497869,Major
Terminus,WindingBolas,0.778791,0.283492,Major
CallahansPassage,WindingCrag,0.520424,0.245499,Minor
ReachingTrail,WindyWay,0.227089,0.078611,Minor
Westgate,WireRoad,0.691184,0.261086,Minor
DrownedVale,WispsWarning,0.330816,0.293791,Major
AllodsBight,WitchsLastFlight,0.61818,0.269637,Minor
KingsCage,Wolfsbait,0.154771,0.53636,Minor
EndlessShore,Woodbind,0.699312,0.73367,Major
Clahstra,WoodlouseLedge,0.347299,0.147191,Minor
Stonecradle,WorldsEnd,0.21493,0.552177,Major
Origin,WorldStar,0.636218,0.77676,Major
Sableport,Wormskive,0.817796,0.44278,Minor
SpeakingWoods,Wound,0.88333,0.451784,Major
WeatheredExpanse,WraithsGate,0.52872,0.433216,Minor
Westgate,Wyattwick,0.290396,0.816404,Major
GreatMarch,ZealousApproach,0.434159,0.609834,Minor
Westgate,ZeusDemise,0.401962,0.772367,Major
